Employee ID,Employee Name,Age,Gender,Marital Status,Having Degree,Job Role,Department,Work From,Work To,Tenure,Salary,Bonus,Claims,Worked Project,No of Leaves,Distance,Non School Going Dependents,No of Children,No of Complaints
0,506,14,0,1,0,3,6,104,212,16,6,321,435,0,8,396,0,0,0
111,158,7,1,1,0,6,3,15,219,21,2,286,507,6,14,693,1,0,1
222,810,7,0,1,0,9,3,730,482,22,4,190,552,4,10,760,2,0,0
333,260,16,0,1,0,12,1,69,48,1,3,90,636,7,3,86,2,0,6
444,507,30,0,1,1,0,0,121,92,6,0,0,745,11,3,731,0,0,5
555,755,11,0,1,1,24,6,84,30,37,15,551,243,4,4,863,2,0,0
666,601,9,1,1,0,15,1,348,110,32,8,463,803,10,1,232,1,0,1
777,722,3,0,1,1,16,1,364,487,10,13,280,227,11,2,140,1,0,1
884,435,19,1,0,1,2,1,0,12,37,11,394,382,7,14,131,0,0,4
1,203,27,0,0,1,0,0,220,306,13,0,0,210,6,12,211,1,2,4
12,604,28,0,0,0,20,6,761,794,39,5,418,706,9,4,470,4,3,4
23,503,19,1,1,1,10,3,819,716,22,16,239,763,7,5,528,1,0,3
34,317,14,0,1,0,9,3,662,452,36,4,233,189,5,8,5,2,0,6
45,120,30,0,0,1,10,3,425,541,9,16,220,743,6,7,227,4,2,7
56,565,15,1,0,0,0,0,287,111,37,0,0,511,7,4,392,4,2,5
67,605,22,0,1,0,3,6,160,226,13,6,203,219,5,11,814,0,0,1
78,412,26,0,0,0,3,6,680,452,32,6,315,539,4,8,6,0,4,5
89,295,23,0,1,1,10,3,357,333,6,16,608,712,12,9,722,0,0,6
100,352,7,0,1,0,15,1,289,397,12,8,532,274,9,20,885,0,0,0
112,315,4,1,0,0,20,6,294,395,12,5,350,177,2,5,615,1,2,2
123,31,28,1,1,0,20,6,870,641,0,5,269,44,0,5,518,2,0,8
134,804,17,0,1,1,16,1,710,437,22,13,591,182,8,1,268,2,0,7
145,455,15,0,0,0,0,0,827,590,0,0,0,450,6,14,97,0,0,5
156,136,6,0,1,0,11,3,649,270,0,2,125,342,1,20,185,0,0,2
167,678,0,0,1,0,3,6,752,516,22,6,414,683,7,18,876,1,0,1
178,80,28,0,1,0,9,3,834,635,11,4,223,757,8,7,118,0,0,4
189,561,4,1,0,0,3,6,684,536,38,6,208,127,6,12,307,4,0,5
200,118,22,0,1,1,10,3,538,324,38,16,309,401,2,17,850,0,0,7
211,111,3,0,1,0,6,3,117,8,0,2,293,294,10,8,289,0,0,1
223,237,22,1,0,1,18,4,19,19,39,17,501,629,0,13,67,1,1,2
234,806,4,1,1,1,23,4,66,328,23,21,575,111,2,10,84,2,0,2
245,84,9,0,1,0,6,3,170,174,8,2,407,377,12,16,441,1,0,4
256,730,19,0,1,1,1,1,513,199,11,20,3,143,12,9,174,2,0,6
267,841,22,0,1,0,11,3,830,771,32,2,219,373,6,15,460,1,0,0
278,309,13,0,1,0,11,3,116,616,28,2,181,585,8,12,220,1,0,7
289,176,19,0,1,1,17,6,744,574,36,12,285,813,7,1,151,2,0,6
300,691,5,1,1,1,0,0,314,779,19,0,0,221,0,17,266,0,0,1
311,318,7,0,1,0,21,6,278,178,2,2,200,798,1,16,245,2,0,7
322,373,26,0,1,1,5,2,57,16,32,10,103,78,8,0,273,2,0,6
334,90,6,0,1,1,7,3,721,837,2,9,333,466,2,13,47,1,0,2
345,349,11,0,1,0,13,6,777,548,11,7,545,55,7,20,640,2,0,6
356,253,16,0,1,1,22,3,137,35,37,10,415,53,12,10,684,2,0,8
367,180,18,1,1,0,6,3,31,17,38,2,442,137,6,20,663,0,0,5
378,606,19,0,1,1,7,3,277,112,37,9,489,667,9,10,493,1,0,7
389,278,22,0,1,0,6,3,608,533,40,2,438,99,7,5,484,1,0,2
400,624,12,0,1,1,24,6,602,523,40,15,572,336,7,1,676,1,0,1
411,95,5,0,1,0,11,3,230,149,3,2,86,355,2,19,294,1,0,8
422,214,1,0,0,0,11,3,375,115,22,2,189,819,6,13,824,0,3,1
433,726,9,1,0,1,14,5,256,134,1,18,14,180,12,20,40,4,4,6
445,632,24,0,1,1,5,2,97,392,24,10,101,299,9,7,521,1,0,8
456,639,0,1,1,0,13,6,163,133,6,7,401,85,1,11,500,0,0,2
467,27,14,0,1,0,3,6,871,751,22,6,335,370,4,8,176,0,0,7
478,174,27,1,1,0,9,3,748,640,37,4,276,832,6,11,626,0,0,5
489,4,19,0,1,0,12,1,584,230,0,3,125,692,5,9,705,2,0,1
500,709,2,1,1,1,24,6,473,289,40,15,31,186,3,0,650,2,0,1
511,144,4,0,1,0,21,6,254,197,5,2,347,364,0,18,632,0,0,6
522,265,25,0,1,0,20,6,863,659,0,5,229,563,0,6,210,2,0,5
533,663,29,1,0,1,1,1,393,188,39,20,15,390,3,11,221,1,2,7
544,48,14,0,1,0,6,3,368,237,2,2,320,637,1,15,574,1,0,4
556,737,17,0,0,0,21,6,791,682,36,2,368,657,5,14,49,3,4,8
567,682,24,1,1,0,3,6,205,169,6,6,406,663,5,4,726,1,0,1
578,160,24,1,0,1,10,3,760,524,11,16,488,131,1,10,802,1,5,6
589,157,26,0,0,1,22,3,600,329,36,10,540,357,1,15,425,4,4,4
600,820,2,0,1,1,0,0,731,517,32,0,0,8,6,12,842,0,0,3
611,710,22,1,1,1,18,4,605,360,36,17,290,455,5,6,215,0,0,1
622,830,30,0,1,1,24,6,580,244,11,15,65,350,9,7,269,0,0,1
633,746,18,1,0,1,5,2,406,544,10,10,45,573,4,4,173,3,5,1
644,677,19,1,1,0,3,6,484,185,22,6,469,25,11,15,315,0,0,6
655,267,20,0,1,1,5,2,796,642,22,10,93,711,1,14,54,2,0,1
667,443,29,0,1,1,10,3,302,213,3,16,550,831,6,19,286,1,0,6
678,831,29,1,1,1,4,1,686,584,39,1,74,314,12,15,16,0,0,7
689,243,12,1,1,0,15,1,144,55,38,8,475,463,11,20,177,1,0,0
700,799,5,1,1,1,16,1,253,823,24,13,577,795,7,9,17,0,0,6
711,478,27,0,1,0,13,6,719,600,38,7,529,572,8,4,536,0,0,7
722,803,22,0,0,0,15,1,848,844,36,8,535,152,8,7,698,2,1,6
733,497,16,0,1,0,20,6,418,179,37,5,202,467,7,13,843,2,0,5
744,739,11,1,1,1,14,5,242,769,23,18,2,28,7,3,608,1,0,4
755,346,17,1,1,1,24,6,28,163,16,15,130,620,3,5,713,2,0,5
766,641,17,0,1,1,2,1,549,410,40,11,113,359,1,8,429,0,0,2
778,840,6,1,1,0,3,6,421,291,2,6,256,150,6,9,499,0,0,0
789,147,24,0,1,0,13,6,385,221,1,7,301,742,5,12,724,0,0,7
800,438,26,1,0,1,18,4,42,615,31,17,521,634,6,4,718,4,1,8
811,582,28,0,1,0,12,1,1,14,38,3,154,366,4,17,890,1,0,8
822,501,7,0,1,0,13,6,641,331,22,7,368,440,11,8,883,1,0,5
833,505,18,0,1,0,21,6,735,673,39,2,359,220,6,6,373,1,0,6
844,172,30,0,1,0,20,6,122,222,16,5,336,821,0,14,552,2,0,5
855,265,18,0,1,0,0,0,723,666,39,0,0,385,11,15,152,1,0,3
866,525,16,1,1,1,24,6,455,652,10,15,424,684,11,7,827,0,0,6
877,244,25,1,0,0,3,6,420,262,40,6,268,162,10,12,234,1,5,0
885,747,9,0,1,0,9,3,435,224,39,4,207,234,5,4,653,1,0,3
886,248,22,0,1,1,19,3,587,518,1,19,18,134,8,17,527,1,0,5
887,761,14,1,1,0,15,1,131,44,38,8,451,518,0,1,115,2,0,0
888,786,27,0,1,1,4,1,113,225,16,1,516,446,12,17,194,1,0,6
889,453,30,1,1,1,16,1,57,83,7,13,599,515,9,14,517,0,0,6
890,522,0,0,1,0,6,3,446,834,14,2,371,758,2,19,87,0,0,6
891,607,25,1,1,0,20,6,658,408,32,5,412,710,3,19,128,2,0,2
892,15,23,0,0,0,9,3,214,282,12,4,190,760,6,8,549,3,2,8
893,655,7,0,1,0,11,3,304,467,13,2,170,36,1,11,64,0,0,5
894,133,1,0,1,0,15,1,810,795,37,8,453,131,0,10,562,0,0,1
2,46,27,0,1,0,21,6,800,685,32,2,378,464,7,18,830,0,0,6
3,58,6,1,1,0,21,6,415,227,40,2,144,17,2,9,52,0,0,3
4,423,0,1,0,0,12,1,112,706,29,3,217,478,0,19,117,3,4,5
5,441,6,1,0,0,9,3,450,370,3,4,179,356,12,8,239,0,1,6
6,771,5,0,1,1,2,1,377,166,37,11,6,109,11,18,711,2,0,0
7,654,28,1,1,0,3,6,99,789,33,6,416,723,10,1,556,2,0,5
8,801,12,0,0,0,9,3,635,802,5,4,198,721,10,0,550,0,1,5
9,519,20,0,1,0,0,0,527,258,36,0,0,531,0,10,424,0,0,8
10,572,13,0,1,0,3,6,778,797,38,6,381,551,11,9,715,2,0,5
11,616,7,0,0,1,23,4,511,683,8,21,430,503,11,6,8,1,4,3
13,175,21,1,1,0,11,3,471,287,40,2,238,253,10,10,582,1,0,0
14,583,25,0,1,1,5,2,141,18,0,10,30,529,9,17,281,1,0,6
15,121,14,1,1,1,4,1,825,803,36,1,570,691,8,18,462,2,0,8
16,517,8,0,1,0,0,0,698,446,22,0,0,746,4,0,840,1,0,8
17,379,12,0,0,0,15,1,191,137,4,8,518,801,6,10,241,4,5,6
18,630,25,0,1,0,3,6,299,72,0,6,297,284,12,3,27,0,0,8
19,824,25,0,1,0,11,3,319,402,9,2,110,250,9,14,304,0,0,1
20,335,27,1,0,0,0,0,451,415,5,0,0,384,8,0,129,1,3,1
21,467,23,0,1,1,14,5,130,123,7,18,513,168,3,18,236,0,0,4
22,376,16,1,1,0,20,6,223,53,11,5,291,213,12,9,144,2,0,0
24,115,18,0,0,0,0,0,664,384,32,0,0,249,3,18,857,4,5,1
25,259,11,0,1,1,8,3,845,798,36,14,5,239,3,5,353,2,0,6
26,676,10,0,1,0,13,6,36,565,30,7,426,415,9,8,542,0,0,1
27,704,15,0,1,0,6,3,474,355,2,2,272,321,4,11,228,1,0,1
28,763,1,1,0,0,11,3,713,645,39,2,211,165,2,1,237,3,3,3
29,693,21,0,0,0,6,3,211,42,0,2,326,472,10,13,449,3,2,4
30,356,15,0,0,0,9,3,384,463,9,4,190,67,2,18,357,1,4,0
31,648,27,1,1,0,11,3,736,406,0,2,106,208,11,5,852,2,0,5
32,308,28,0,0,1,1,1,644,717,3,20,574,161,7,12,127,0,0,7
33,495,7,0,1,0,13,6,317,638,17,7,377,360,12,9,776,2,0,0
35,590,14,1,0,0,0,0,500,563,6,0,0,89,6,10,478,1,4,4
36,479,25,0,1,0,6,3,463,492,6,2,314,699,6,17,130,0,0,0
37,40,30,0,1,1,17,6,540,784,8,12,64,601,9,19,855,1,0,2
38,476,19,0,1,0,11,3,616,478,39,2,78,102,11,12,485,1,0,4
39,188,14,1,0,0,3,6,640,742,4,6,236,571,2,7,426,0,2,7
40,768,4,0,1,0,15,1,770,573,32,8,464,62,10,2,573,0,0,6
41,679,28,0,1,0,13,6,275,117,39,7,411,797,1,1,150,0,0,6
42,64,25,0,0,1,8,3,873,812,22,14,303,49,5,7,597,3,0,8
43,88,15,0,1,0,3,6,630,269,0,6,470,298,12,5,312,2,0,8
44,494,29,0,1,0,9,3,345,414,9,4,175,424,8,7,774,2,0,2
46,625,14,0,1,1,24,6,618,476,39,15,523,485,6,20,141,2,0,4
47,285,13,0,0,0,20,6,590,429,39,5,338,66,0,11,261,0,5,3
48,280,4,1,1,0,13,6,241,263,9,7,393,330,2,8,631,2,0,1
49,485,7,0,0,0,13,6,129,95,5,7,372,184,2,6,534,3,2,4
50,566,29,1,1,0,21,6,358,497,12,2,230,524,8,12,311,0,0,7
51,513,12,0,1,1,8,3,836,661,11,14,478,698,6,2,522,1,0,0
52,74,7,0,1,0,11,3,466,164,11,2,88,526,2,0,849,0,0,1
53,696,5,1,1,0,3,6,510,393,1,6,247,818,1,6,393,1,0,5
54,205,9,0,0,0,13,6,74,181,14,7,466,748,6,3,847,0,0,6
55,800,13,1,1,1,5,2,499,486,4,10,42,462,8,6,248,2,0,2
57,303,19,0,0,1,4,1,525,513,4,1,58,783,2,5,162,3,0,0
58,608,24,0,1,0,12,1,598,272,22,3,233,258,11,6,256,1,0,3
59,89,20,0,0,1,17,6,611,348,36,12,595,275,6,0,679,2,1,5
60,334,2,0,0,0,6,3,767,709,37,2,257,836,0,5,765,1,2,2
61,381,28,1,1,0,3,6,338,372,8,6,460,823,0,15,868,0,0,5
62,221,18,0,1,0,9,3,376,811,17,4,236,471,12,3,397,2,0,7
63,459,15,0,1,0,15,1,548,663,6,8,466,510,0,19,458,0,0,6
64,9,15,0,0,1,5,2,521,275,37,10,92,796,1,10,114,4,3,0
65,307,12,0,1,0,13,6,197,56,32,7,460,311,1,9,22,1,0,3
66,321,22,0,1,0,3,6,757,750,39,6,246,51,7,16,649,1,0,1
68,599,11,1,1,0,21,6,402,622,13,2,155,655,10,4,192,0,0,5
69,322,23,1,0,0,21,6,631,328,22,2,95,248,0,17,689,4,2,6
70,215,12,0,1,1,10,3,637,566,40,16,576,838,0,2,11,0,0,2
71,690,18,0,0,0,11,3,64,553,28,2,175,332,2,9,468,4,2,0
72,729,15,1,1,1,23,4,297,465,13,21,62,312,0,3,36,1,0,6
73,252,6,0,1,0,12,1,558,347,38,3,95,155,6,13,818,1,0,6
74,868,23,1,0,0,0,0,91,29,37,0,0,684,1,10,641,2,1,8
75,394,13,0,1,0,21,6,853,731,11,2,331,64,7,5,805,0,0,6
76,97,28,0,1,0,21,6,180,449,19,2,319,829,2,8,784,2,0,0
77,53,11,0,0,0,13,6,742,504,22,7,536,492,9,8,881,0,4,2
79,758,4,1,1,0,0,0,430,241,40,0,0,309,1,5,48,0,0,8
80,735,5,1,1,0,3,6,782,611,22,6,341,123,4,16,734,1,0,1
81,361,12,1,1,0,6,3,645,697,3,2,447,722,1,17,821,1,0,7
82,355,15,0,1,0,20,6,490,285,40,5,306,845,11,7,148,2,0,4
83,767,6,0,1,0,0,0,114,425,24,0,0,303,8,12,432,2,0,0
84,585,9,1,1,1,4,1,40,116,12,1,562,528,3,0,322,1,0,7
85,196,27,0,0,0,6,3,65,512,27,2,270,501,6,6,803,0,1,6
86,712,12,0,1,0,15,1,389,441,8,8,487,639,11,0,249,1,0,3
87,94,29,1,0,0,9,3,832,718,22,4,213,337,8,0,189,3,4,5
88,526,3,0,0,0,9,3,506,467,4,4,260,625,3,10,63,2,4,5
90,283,17,1,0,1,10,3,579,579,3,16,312,533,1,16,520,0,5,3
91,527,15,1,1,0,21,6,405,353,5,2,318,389,12,4,790,2,0,7
92,162,26,0,0,1,2,1,82,51,1,11,48,402,7,8,282,0,1,0
93,833,11,0,1,0,11,3,711,816,2,2,117,318,8,16,66,0,0,3
94,183,10,0,0,0,15,1,429,316,2,8,491,474,0,18,841,1,3,1
95,59,1,0,1,0,13,6,585,836,7,7,531,81,5,14,352,1,0,5
96,72,7,0,0,0,3,6,660,368,22,6,355,441,10,17,383,1,3,2
97,821,15,1,1,0,11,3,816,739,36,2,260,456,6,3,348,1,0,6
98,652,6,0,1,0,6,3,383,723,15,2,289,279,8,14,792,2,0,6
99,405,15,0,1,0,21,6,323,311,6,2,78,343,8,10,378,0,0,4
101,107,10,0,0,0,13,6,428,396,5,7,497,486,0,10,308,2,1,6
102,39,23,0,0,0,21,6,225,47,0,2,142,52,11,13,138,4,3,4
103,749,29,1,0,1,17,6,6,69,7,12,75,778,12,3,165,2,5,7
104,256,11,1,1,0,0,0,387,515,10,0,0,680,0,13,675,1,0,7
105,138,4,0,1,0,15,1,671,589,40,8,496,372,12,13,875,0,0,1
106,535,8,0,1,0,20,6,440,157,32,5,342,693,6,3,73,2,0,1
107,474,24,0,1,1,24,6,518,807,10,15,363,175,10,19,91,2,0,0
108,812,0,1,1,0,13,6,517,217,22,7,447,602,12,20,265,1,0,7
109,401,1,0,1,1,19,3,370,624,15,19,528,341,6,13,180,2,0,8
110,697,17,1,1,0,13,6,615,439,38,7,365,396,6,15,46,0,0,3
113,284,28,0,1,0,9,3,183,190,9,4,231,88,3,10,336,0,0,2
114,230,22,0,1,0,12,1,633,390,36,3,211,194,10,20,494,0,0,5
115,557,24,1,1,1,0,0,468,561,7,0,0,19,12,6,803,2,0,2
116,38,14,0,1,0,6,3,409,103,0,2,268,848,4,14,81,2,0,0
117,325,6,1,1,1,8,3,667,419,36,14,108,156,12,8,602,1,0,7
118,773,25,0,1,0,20,6,601,773,5,5,214,269,1,8,627,1,0,0
119,537,8,0,1,0,3,6,261,114,39,6,401,755,12,1,88,1,0,0
120,436,14,1,1,0,9,3,59,200,16,4,168,109,4,15,584,0,0,7
121,657,22,1,1,1,19,3,399,725,14,19,580,119,11,5,437,2,0,4
122,634,9,0,1,1,0,0,369,514,12,0,0,520,10,5,216,0,0,2
124,420,3,1,0,0,15,1,481,292,40,8,462,538,6,9,564,1,3,2
125,247,23,0,0,0,3,6,43,214,18,6,350,362,0,9,188,3,2,1
126,543,3,0,1,1,19,3,843,677,22,19,20,100,1,15,110,2,0,2
127,245,5,1,1,1,16,1,659,405,32,13,512,648,1,19,856,2,0,2
128,29,24,0,0,0,6,3,90,3,0,2,320,482,2,4,285,0,4,1
129,269,30,1,0,0,3,6,629,530,39,6,194,700,7,15,116,2,4,5
130,86,21,0,1,0,12,1,17,712,35,3,266,598,5,14,477,2,0,6
131,822,7,1,0,0,15,1,802,658,22,8,508,460,6,15,658,1,2,1
132,541,16,0,1,0,21,6,339,416,10,2,255,635,10,2,725,0,0,8
133,57,30,0,0,0,21,6,126,49,39,2,233,709,4,11,321,3,0,1
135,797,23,1,1,0,9,3,243,93,38,4,200,483,3,10,319,0,0,8
136,635,24,0,0,1,23,4,3,375,26,21,61,454,0,16,416,0,4,6
137,268,5,1,1,0,20,6,35,28,40,5,315,717,3,5,806,1,0,2
138,345,22,0,1,0,3,6,72,684,31,6,387,207,7,12,209,2,0,4
139,752,3,0,1,0,15,1,404,588,12,8,555,292,2,5,764,1,0,1
140,620,2,0,1,0,3,6,392,475,9,6,270,658,7,9,300,1,0,4
141,777,8,0,1,1,19,3,157,135,6,19,520,208,6,12,757,1,0,3
142,410,25,1,1,0,21,6,446,253,39,2,307,696,0,1,590,0,0,6
143,139,7,0,1,0,21,6,140,430,21,2,214,98,5,1,577,0,0,6
144,731,12,1,1,0,12,1,4,382,27,3,250,281,10,17,796,2,0,2
146,366,9,0,0,0,11,3,29,62,5,2,164,536,1,3,483,4,5,8
147,564,24,1,0,1,19,3,153,39,36,19,495,822,3,14,563,1,4,4
148,21,25,0,1,0,6,3,673,440,36,2,294,644,1,9,741,1,0,0
149,45,12,0,0,0,6,3,130,341,19,2,211,241,11,15,822,0,3,5
150,69,15,0,1,0,13,6,553,826,8,7,401,268,10,5,30,2,0,7
151,131,16,1,1,0,15,1,279,427,13,8,542,50,9,19,605,2,0,4
152,714,20,0,1,0,13,6,106,419,25,7,514,702,3,8,571,1,0,5
153,612,6,0,0,0,12,1,652,485,37,3,165,148,9,2,41,0,4,0
154,369,0,0,1,0,12,1,159,78,1,3,265,457,10,12,45,1,0,8
155,724,19,1,1,1,4,1,142,97,4,1,28,107,6,13,351,2,0,2
157,481,17,0,1,0,9,3,786,696,36,4,208,549,2,20,463,0,0,1
158,103,19,0,0,0,3,6,93,70,3,6,357,587,10,6,671,4,5,4
159,348,12,1,1,0,0,0,331,303,6,0,0,222,2,18,618,2,0,0
160,627,23,0,1,0,11,3,110,104,7,2,227,627,8,16,123,0,0,3
161,448,25,0,1,1,23,4,133,438,23,21,33,185,8,12,345,2,0,8
162,642,17,0,1,0,3,6,265,152,1,6,446,466,7,3,578,2,0,3
163,838,30,1,1,1,14,5,325,229,3,18,53,726,10,0,799,1,0,7
164,515,16,0,1,0,20,6,427,789,15,5,315,816,7,18,666,1,0,4
165,208,15,1,1,1,10,3,814,594,11,16,578,201,5,4,57,1,0,0
166,225,3,1,1,0,12,1,115,454,25,3,222,451,7,16,865,2,0,8
168,198,3,0,0,0,9,3,823,783,32,4,189,631,6,6,213,0,1,6
169,719,3,1,0,1,10,3,862,644,0,16,218,247,3,10,825,2,0,4
170,108,19,0,1,0,9,3,148,207,13,4,263,656,7,14,334,1,0,0
171,140,19,1,1,0,12,1,380,297,4,3,150,132,0,18,728,0,0,5
172,429,20,0,1,0,3,6,327,91,11,6,182,653,10,6,886,0,0,2
173,360,8,0,1,1,0,0,512,312,38,0,0,799,9,5,320,2,0,6
174,14,3,0,1,0,21,6,643,339,22,2,311,461,0,11,412,2,0,0
175,685,4,0,1,0,12,1,573,821,8,3,118,188,1,9,853,2,0,3
176,772,20,1,1,0,11,3,588,819,7,2,282,122,4,7,695,2,0,2
177,339,11,0,0,0,9,3,763,623,36,4,230,325,12,20,401,4,1,2
179,759,20,0,1,0,3,6,166,266,15,6,206,843,5,12,730,2,0,7
180,671,7,0,0,0,12,1,51,748,34,3,267,559,2,4,815,1,1,2
181,276,29,0,1,0,21,6,54,101,9,2,193,491,1,18,657,2,0,5
182,863,2,0,0,0,0,0,215,245,10,0,0,768,9,11,700,4,0,4
183,814,8,0,0,0,0,0,344,762,18,0,0,305,4,18,502,2,3,7
184,856,13,0,1,0,0,0,679,528,37,0,0,433,10,3,599,2,0,6
185,93,25,0,1,1,2,1,535,799,9,11,468,583,7,5,848,1,0,2
186,575,10,1,0,0,13,6,49,10,32,7,532,570,4,4,487,4,3,0
187,532,13,1,1,0,0,0,642,267,0,0,0,671,7,4,826,0,0,4
188,130,8,0,1,0,13,6,249,125,1,7,389,850,10,17,390,1,0,3
190,828,9,0,1,0,21,6,47,54,3,2,152,496,3,7,167,2,0,4
191,621,15,0,0,0,12,1,347,250,4,3,143,1,11,19,206,1,0,6
192,24,6,0,0,0,0,0,378,128,32,0,0,58,12,6,648,1,4,1
193,865,16,0,1,1,16,1,554,839,8,13,583,430,9,18,31,2,0,4
194,573,17,0,1,1,10,3,286,678,19,16,363,681,10,7,647,0,0,3
195,600,24,0,1,0,20,6,700,727,40,5,201,203,5,14,753,2,0,4
196,793,17,0,1,0,0,0,395,121,22,0,0,209,11,0,292,1,0,8
197,579,2,0,1,1,0,0,837,708,22,0,0,310,10,6,186,0,0,7
198,331,17,0,1,1,22,3,371,232,1,10,274,212,1,6,255,1,0,1
199,431,7,1,1,1,16,1,462,662,9,13,69,214,6,9,242,0,0,3
201,754,6,0,1,0,13,6,828,793,36,7,396,661,12,15,155,1,0,0
202,415,19,0,1,0,13,6,750,435,0,7,494,57,4,4,197,2,0,1
203,199,28,1,0,0,20,6,37,203,18,5,397,74,9,7,541,4,2,4
204,727,4,0,0,0,15,1,656,344,22,8,409,616,9,5,187,3,0,8
205,781,24,0,0,1,5,2,634,300,11,10,10,771,2,8,524,3,4,3
206,347,12,0,0,0,15,1,519,801,10,8,490,308,1,20,214,0,0,0
207,643,0,1,0,1,22,3,236,571,20,10,476,217,8,11,455,4,1,4
208,100,14,0,0,0,3,6,720,511,36,6,373,365,9,15,596,4,0,0
209,393,5,0,0,1,14,5,152,71,40,18,71,260,5,0,609,3,1,1
210,390,4,1,1,1,18,4,552,459,1,17,16,338,5,20,688,2,0,6
212,449,12,0,0,1,24,6,145,173,10,15,73,285,5,6,229,2,2,3
213,760,12,0,1,0,15,1,577,277,22,8,423,255,9,8,366,1,0,3
214,266,1,0,1,0,3,6,461,243,39,6,459,785,11,0,42,0,0,7
215,43,25,0,1,1,24,6,533,694,7,15,87,436,6,2,509,0,0,8
216,454,8,1,1,0,3,6,23,1,22,6,323,581,4,15,302,0,0,3
217,96,7,0,1,0,11,3,388,240,2,2,166,179,6,1,200,0,0,0
218,61,5,0,1,1,0,0,413,156,36,0,0,438,9,1,362,0,0,4
219,167,27,1,1,1,4,1,826,628,11,1,121,383,8,3,422,0,0,8
220,700,6,0,1,0,21,6,747,617,37,2,138,388,0,19,354,1,0,0
221,734,22,0,0,0,3,6,488,401,3,6,201,811,4,3,767,4,5,5
224,547,5,0,1,1,23,4,845,767,32,21,452,815,6,20,473,0,0,4
225,742,3,0,1,0,12,1,88,450,25,3,152,448,8,16,385,0,0,2
226,158,8,0,1,1,1,1,16,60,6,20,589,205,2,7,305,1,0,3
227,636,25,0,0,0,11,3,765,501,11,2,181,245,3,14,678,1,5,8
228,539,11,0,1,0,20,6,818,735,32,5,401,145,12,6,279,1,0,2
229,396,13,0,0,1,24,6,857,630,0,15,322,302,10,8,93,2,5,7
230,656,23,1,1,0,11,3,361,363,7,2,281,452,5,7,811,0,0,6
231,473,21,0,1,1,24,6,234,172,5,15,592,226,10,15,222,0,0,6
232,242,19,0,1,0,12,1,550,243,32,3,195,475,7,12,379,1,0,1
233,10,2,0,1,0,6,3,363,120,32,2,425,769,1,4,616,2,0,2
235,580,9,1,1,0,13,6,439,572,10,7,544,672,11,17,630,2,0,5
236,548,13,1,1,0,12,1,593,252,11,3,276,15,3,4,95,0,0,8
237,235,28,0,1,0,15,1,41,716,33,8,419,776,2,1,634,1,0,4
238,665,28,0,1,0,6,3,560,371,38,2,206,499,2,5,274,1,0,3
239,470,11,0,1,1,16,1,171,332,16,13,300,331,2,10,438,0,0,0
240,226,11,0,1,0,13,6,613,548,1,7,509,645,3,6,861,0,0,0
241,179,7,0,0,1,18,4,423,321,3,17,79,621,9,2,720,1,4,5
242,584,21,0,1,1,4,1,216,98,40,1,80,387,4,1,782,0,0,6
243,340,20,0,0,0,13,6,208,124,2,7,473,574,3,5,471,3,5,4
244,68,13,1,0,1,2,1,811,534,0,11,259,425,7,16,163,3,5,4
246,11,28,0,0,1,14,5,353,127,36,18,573,198,1,14,445,4,0,8
247,450,4,0,0,1,2,1,34,170,17,11,404,261,0,14,159,4,2,6
248,595,4,0,1,1,2,1,232,138,2,11,66,117,3,14,428,0,0,6
249,122,29,1,0,0,15,1,32,7,36,8,396,494,0,19,274,2,3,0
250,546,19,0,0,0,20,6,300,461,13,5,368,121,9,12,480,4,4,5
251,511,8,0,0,0,6,3,264,531,16,2,223,82,4,7,92,0,3,0
252,293,14,0,0,0,11,3,603,480,39,2,160,586,8,19,407,2,3,1
253,51,28,0,1,0,3,6,457,639,10,6,399,567,12,20,672,0,0,4
254,805,14,1,1,0,21,6,524,489,4,2,115,534,12,19,108,1,0,4
255,241,21,1,0,0,3,6,107,82,6,6,266,428,12,4,75,4,0,3
257,681,27,0,1,1,16,1,168,510,23,13,606,770,7,14,740,1,0,8
258,320,15,0,1,0,15,1,657,369,22,8,525,340,3,17,749,2,0,5
259,769,27,0,1,0,12,1,437,335,3,3,111,535,3,10,833,2,0,0
260,380,10,0,1,1,7,3,534,593,5,9,105,59,0,15,558,0,0,4
261,178,26,0,0,0,13,6,647,289,11,7,547,772,0,8,119,1,2,3
262,159,22,0,1,0,15,1,196,40,11,8,505,592,0,12,727,1,0,8
263,475,11,0,0,0,15,1,693,546,38,8,477,656,4,11,575,3,2,3
264,728,9,0,1,1,18,4,824,675,22,17,511,80,3,1,525,2,0,0
265,849,15,1,0,0,11,3,476,805,13,2,237,141,0,12,90,4,3,4
266,408,9,0,0,1,0,0,296,550,16,0,0,640,3,14,503,3,1,2
268,99,7,1,1,0,12,1,677,612,39,3,158,555,12,4,813,0,0,5
269,222,12,0,0,0,9,3,498,366,1,4,245,39,6,19,737,2,1,5
270,338,7,1,1,1,19,3,607,281,11,19,334,32,0,15,621,2,0,2
271,562,14,1,1,1,10,3,12,432,28,16,361,64,9,8,158,1,0,3
272,28,11,1,0,1,7,3,186,525,21,9,366,690,11,14,280,0,1,7
273,353,25,0,0,1,5,2,187,629,25,10,605,9,11,15,547,4,2,4
274,853,14,1,0,0,13,6,492,732,9,7,446,665,4,18,780,1,4,3
275,488,3,0,1,0,12,1,475,220,37,3,126,660,9,5,120,0,0,2
276,471,24,0,1,0,6,3,565,377,38,2,421,29,7,17,113,0,0,7
277,854,12,1,1,1,0,0,702,349,0,0,0,84,6,7,452,2,0,8
279,669,13,0,1,0,21,6,696,421,32,2,337,421,10,17,43,1,0,1
280,491,5,0,0,0,20,6,714,780,1,5,353,352,0,16,191,4,5,5
281,847,22,1,0,0,12,1,775,496,11,3,183,502,7,20,156,3,2,4
282,614,29,0,1,0,6,3,494,424,3,2,215,68,7,3,421,1,0,7
283,664,14,0,0,0,11,3,769,618,36,2,152,126,0,8,252,1,3,2
284,465,16,1,0,0,13,6,840,810,36,7,295,564,6,6,756,0,0,5
285,432,25,0,1,1,2,1,872,689,11,11,205,547,3,19,253,0,0,5
286,757,17,1,1,1,18,4,329,483,12,17,432,652,11,12,507,0,0,8
287,187,13,0,0,0,15,1,497,201,22,8,439,761,5,1,884,3,4,3
288,736,1,0,1,0,6,3,18,650,34,2,341,697,9,3,226,0,0,7
290,809,17,1,0,1,10,3,586,720,5,16,579,256,10,10,622,3,5,1
291,382,7,0,1,1,18,4,410,378,5,17,413,151,3,0,569,1,0,3
292,218,22,1,0,0,0,0,722,343,0,0,0,704,3,12,318,0,2,0
293,567,6,1,0,0,12,1,464,205,36,3,114,638,9,13,846,1,2,3
294,499,7,0,1,1,5,2,442,247,40,10,585,76,3,2,607,2,0,2
295,557,3,1,1,0,12,1,288,206,4,3,257,397,3,14,207,1,0,1
296,591,8,0,1,0,3,6,668,710,2,6,421,47,2,19,44,1,0,5
297,36,26,0,1,0,0,0,255,73,32,0,0,822,0,1,761,0,0,3
298,116,10,0,1,0,6,3,859,749,22,2,324,829,3,13,829,2,0,3
299,42,25,0,0,0,15,1,136,74,2,8,534,304,5,15,472,1,5,2
301,741,5,0,1,0,12,1,360,99,11,3,128,476,11,18,78,2,0,8
302,538,18,1,0,1,24,6,766,660,36,15,537,846,9,2,851,2,3,1
303,447,5,0,0,1,2,1,453,356,3,11,97,595,11,19,275,3,0,4
304,113,2,0,1,1,7,3,201,36,0,9,296,577,5,16,142,2,0,1
305,17,28,0,1,0,12,1,30,532,29,3,200,254,3,12,560,2,0,6
306,207,9,1,0,0,12,1,648,832,5,3,166,500,1,0,511,1,3,1
307,765,9,0,1,0,11,3,38,37,2,2,136,202,9,15,24,1,0,6
308,273,19,0,1,0,15,1,365,131,36,8,524,784,6,13,430,2,0,4
309,316,14,0,0,1,8,3,200,254,12,14,586,191,8,9,694,0,3,5
310,47,13,0,1,1,14,5,709,494,36,18,51,316,4,17,170,0,0,6
312,555,16,0,1,0,11,3,119,800,31,2,270,322,11,13,604,1,0,5
313,169,4,1,1,1,19,3,639,412,36,19,492,751,4,11,181,1,0,3
314,780,2,0,1,0,3,6,210,505,19,6,396,540,1,7,721,1,0,5
315,83,7,0,1,0,9,3,252,194,5,4,213,392,7,0,510,2,0,0
316,844,0,0,1,0,6,3,592,317,36,2,445,827,6,10,330,2,0,2
317,444,13,1,1,0,12,1,612,276,11,3,177,440,6,17,10,0,0,1
318,551,1,0,0,0,6,3,855,653,0,2,346,266,9,20,381,4,0,3
319,717,0,0,1,1,24,6,86,315,20,15,47,734,0,14,202,1,0,4
320,629,21,0,1,0,15,1,311,286,7,8,410,379,8,13,283,2,0,0
321,422,4,0,1,1,8,3,689,608,39,14,271,685,2,4,178,0,0,8
323,206,11,0,1,0,20,6,789,702,36,5,170,386,12,15,371,2,0,7
324,364,2,1,0,0,21,6,454,447,5,2,238,630,5,12,444,3,4,0
325,417,26,1,1,1,2,1,842,740,32,11,398,812,5,10,399,0,0,1
326,701,5,0,1,0,6,3,861,714,11,2,221,677,11,8,723,1,0,4
327,236,5,0,0,0,20,6,547,310,37,5,184,513,6,4,361,1,0,8
328,766,27,0,0,0,20,6,854,746,22,5,213,363,1,18,532,2,0,6
329,427,28,0,1,1,17,6,772,651,36,12,456,118,3,16,652,0,0,8
330,845,19,0,0,0,15,1,431,359,4,8,515,354,9,16,184,3,0,2
331,839,18,1,0,0,11,3,45,787,34,2,84,215,10,20,377,2,1,1
332,602,3,0,1,0,13,6,231,67,32,7,372,157,11,12,243,2,0,7
335,34,20,0,1,0,21,6,670,409,32,2,238,115,11,2,259,2,0,7
336,623,4,0,1,0,21,6,443,193,37,2,190,716,4,12,489,1,0,6
337,75,27,1,1,1,10,3,833,568,0,16,52,91,8,15,299,0,0,0
338,640,0,0,1,0,0,0,507,381,2,0,0,349,5,5,637,1,0,6
339,406,6,0,1,1,16,1,619,567,1,13,36,792,5,3,703,1,0,1
340,123,9,0,1,1,24,6,229,162,4,15,486,847,5,17,414,1,0,1
341,301,21,0,0,0,21,6,33,0,0,2,375,176,12,10,419,2,3,0
342,456,27,0,1,0,6,3,860,763,22,2,297,414,3,5,540,1,0,7
343,702,10,0,1,0,15,1,737,758,39,8,433,65,2,9,591,2,0,4
344,41,4,0,1,1,24,6,248,564,18,15,228,224,1,0,296,0,0,8
346,659,14,0,0,0,0,0,386,235,1,0,0,31,3,10,122,3,0,7
347,391,11,1,0,0,21,6,676,701,1,2,256,837,12,8,576,3,1,3
348,135,23,1,1,1,4,1,572,427,40,1,63,416,12,16,697,0,0,6
349,540,29,0,1,1,7,3,632,436,37,9,99,450,7,1,205,1,0,2
350,365,24,1,1,0,12,1,60,745,33,3,165,437,6,8,409,1,0,4
351,231,29,1,0,0,3,6,247,606,19,6,417,568,6,7,559,4,4,5
352,264,19,0,1,0,3,6,650,598,40,6,252,37,5,3,39,0,0,1
353,864,0,0,1,0,0,0,333,488,13,0,0,420,0,7,326,2,0,8
354,254,20,0,1,0,11,3,792,792,38,2,111,442,1,15,466,1,0,0
355,350,6,0,0,1,10,3,681,764,2,16,566,741,2,3,643,1,2,6
357,243,30,1,0,1,16,1,705,404,11,13,370,315,2,13,642,0,3,3
358,851,19,0,0,0,13,6,788,829,38,7,483,171,5,18,516,0,2,0
359,344,21,1,1,1,0,0,146,634,26,0,0,83,4,3,461,1,0,4
360,782,8,0,0,1,17,6,309,367,9,12,85,149,0,4,783,2,5,1
361,213,27,1,0,0,6,3,611,610,2,2,252,729,7,0,810,4,0,2
362,667,16,0,1,1,19,3,738,433,0,19,471,237,3,7,669,0,0,4
363,794,1,0,1,0,9,3,740,834,40,4,229,94,9,8,513,2,0,1
364,119,10,0,1,0,0,0,691,542,38,0,0,12,9,3,196,0,0,3
365,102,7,0,1,0,20,6,537,613,5,5,292,566,6,0,453,0,0,4
366,7,10,0,1,0,15,1,768,506,11,8,480,216,4,14,68,2,0,5
368,323,17,0,0,0,15,1,715,473,32,8,473,333,0,6,628,1,2,8
369,290,5,0,0,0,0,0,732,670,39,0,0,133,10,0,219,1,3,7
370,363,24,0,1,0,15,1,669,389,32,8,554,90,6,4,482,0,0,4
371,588,15,0,0,0,3,6,202,329,14,6,347,329,1,1,244,2,3,0
372,862,24,0,1,0,6,3,456,257,39,2,279,810,10,14,733,1,0,4
373,637,16,0,0,0,15,1,458,398,4,8,474,593,9,13,388,1,2,2
374,238,14,1,1,0,3,6,599,540,2,6,226,675,10,7,746,2,0,2
375,137,26,0,1,0,9,3,812,632,22,4,253,736,6,12,323,2,0,3
376,558,6,0,1,1,23,4,334,493,13,21,567,368,11,4,888,0,0,0
377,674,14,0,1,1,2,1,444,285,1,11,374,20,1,11,410,0,0,1
379,570,19,0,0,1,17,6,335,274,5,12,176,632,5,1,531,0,5,1
380,246,20,1,1,0,6,3,100,64,2,2,260,46,2,1,404,2,0,2
381,610,29,0,1,1,17,6,609,305,22,12,180,767,8,19,198,1,0,8
382,688,0,0,1,0,0,0,270,175,3,0,0,578,5,14,620,1,0,8
383,819,18,1,1,1,17,6,436,143,22,12,149,104,5,16,794,0,0,6
384,370,10,0,0,1,2,1,262,325,10,11,588,406,6,9,109,3,0,1
385,751,5,0,1,0,21,6,724,505,32,2,273,445,6,8,333,0,0,1
386,835,6,0,0,0,12,1,324,154,39,3,248,730,6,3,342,0,5,2
387,87,20,1,0,0,11,3,207,61,32,2,183,470,12,18,50,0,5,5
388,229,6,1,1,0,0,0,482,743,12,0,0,580,10,14,203,2,0,3
390,740,14,0,1,1,0,0,9,52,5,0,0,307,1,3,581,1,0,2
391,52,6,0,1,1,24,6,346,760,18,15,102,495,0,4,276,1,0,2
392,298,5,0,0,0,20,6,781,580,22,5,267,713,3,19,887,2,5,5
393,668,8,0,0,1,23,4,27,31,40,21,60,707,2,6,732,3,0,7
394,446,3,0,1,0,20,6,332,139,37,5,391,353,12,16,172,0,0,2
395,60,20,1,1,1,24,6,70,591,29,15,499,668,6,12,168,2,0,8
396,261,21,0,0,1,8,3,783,549,11,14,12,625,1,18,182,4,1,1
397,182,11,0,1,1,14,5,155,728,26,18,11,272,9,5,376,2,0,5
398,37,30,1,0,0,3,6,469,242,38,6,449,246,6,2,82,0,4,2
399,720,9,1,1,0,6,3,68,22,37,2,299,320,11,0,406,0,0,8
401,440,28,0,1,1,24,6,847,636,0,15,32,590,7,4,418,1,0,5
402,5,21,0,1,0,15,1,477,413,3,8,539,622,11,17,742,0,0,0
403,536,28,0,1,0,15,1,502,233,36,8,529,265,8,6,327,2,0,7
404,289,23,1,1,1,4,1,336,198,1,1,38,259,11,6,443,2,0,7
405,190,2,0,1,0,13,6,771,808,39,7,527,11,7,14,101,1,0,2
406,462,22,1,0,0,3,6,233,569,20,6,362,163,1,20,454,3,5,8
407,2,2,0,1,1,19,3,342,736,18,19,506,525,4,9,59,2,0,4
408,706,15,0,1,0,6,3,838,791,36,2,340,747,12,12,94,0,0,8
409,737,19,0,0,1,22,3,326,126,37,10,59,211,11,14,617,3,0,3
410,258,4,0,1,0,12,1,864,790,32,3,112,497,8,9,583,2,0,0
412,713,29,1,1,0,9,3,340,520,13,4,272,654,1,0,83,0,0,6
413,684,22,0,1,0,3,6,161,246,14,6,435,649,4,4,837,1,0,0
414,388,16,1,1,1,10,3,306,587,16,16,594,291,8,11,137,1,0,1
415,54,3,0,1,1,17,6,470,547,7,12,395,782,10,5,673,0,0,3
416,163,20,0,1,0,21,6,596,314,32,2,378,328,0,0,819,2,0,4
417,825,11,0,0,1,17,6,831,621,11,12,25,732,11,20,317,1,4,4
418,692,6,0,1,0,13,6,118,838,31,7,448,258,10,18,702,0,0,3
419,114,13,1,0,0,6,3,795,526,0,2,349,582,1,18,539,2,3,4
420,70,1,1,0,1,7,3,78,180,14,9,354,288,8,15,786,3,4,6
421,649,4,0,1,1,7,3,569,379,38,9,244,230,9,17,707,0,0,2
423,577,28,0,0,0,6,3,218,282,12,2,339,664,6,14,309,4,3,7
424,193,5,1,1,0,15,1,94,330,21,8,479,600,4,5,787,0,0,0
425,542,10,1,1,0,11,3,762,500,11,2,98,504,12,13,375,0,0,4
426,556,20,1,1,0,3,6,89,11,11,6,270,544,3,14,714,0,0,8
427,670,24,0,1,0,20,6,285,223,5,5,325,752,6,16,403,1,0,7
428,466,11,1,1,1,16,1,260,236,6,13,482,594,11,18,254,0,0,3
429,201,26,1,1,0,0,0,503,535,6,0,0,381,10,20,568,1,0,6
430,782,30,0,1,0,15,1,557,376,38,8,530,86,5,14,344,2,0,0
431,263,22,0,0,0,11,3,621,394,37,2,208,554,1,12,712,1,4,7
432,716,7,0,1,0,20,6,303,529,14,5,352,820,9,15,439,1,0,7
434,145,11,0,0,0,20,6,305,331,8,5,360,42,12,9,133,3,2,8
435,78,10,0,1,1,16,1,574,265,32,13,171,764,3,14,328,2,0,6
436,8,28,1,1,0,21,6,793,659,32,2,352,159,3,7,488,1,0,6
437,461,13,1,1,0,9,3,749,793,40,4,268,22,3,3,179,2,0,1
438,498,20,1,1,1,7,3,181,187,9,9,131,116,0,5,526,0,0,0
439,152,16,1,0,1,23,4,707,472,32,21,565,828,3,20,340,0,5,7
440,30,27,0,0,1,4,1,403,280,2,1,603,477,0,14,475,3,2,7
441,813,19,1,0,0,3,6,397,443,8,6,364,326,11,1,368,3,5,4
442,155,1,1,1,0,0,0,820,707,22,0,0,728,0,1,38,0,0,1
443,271,2,0,1,0,15,1,692,351,11,8,556,670,4,0,231,0,0,0
446,603,29,0,1,1,8,3,460,184,32,14,450,352,1,6,105,2,0,5
447,493,23,1,0,0,21,6,81,825,33,2,283,136,3,0,389,2,1,6
448,47,0,0,1,0,3,6,237,649,20,6,284,112,10,12,508,0,0,6
449,593,15,1,0,1,19,3,5,691,35,19,23,6,0,15,89,4,2,7
450,685,29,0,0,0,11,3,199,151,5,2,84,380,2,8,464,2,2,5
451,299,5,0,0,1,14,5,292,475,14,18,587,641,11,0,665,0,3,2
452,76,18,1,1,1,22,3,564,570,4,10,145,842,9,13,736,1,0,5
453,56,25,0,1,0,9,3,459,469,6,4,174,750,3,18,171,0,0,2
454,404,27,0,0,0,11,3,96,75,4,2,173,480,7,6,476,1,0,7
455,647,1,1,1,0,3,6,426,364,4,6,261,206,9,7,264,1,0,6
457,272,8,0,0,1,1,1,151,87,3,20,21,140,5,4,491,1,3,5
458,468,6,1,1,1,16,1,674,460,36,13,590,753,2,2,758,1,0,0
459,297,10,0,1,0,11,3,366,85,0,2,147,130,3,0,817,0,0,8
460,504,26,1,0,0,9,3,685,672,1,4,191,774,9,0,250,3,5,6
461,559,22,0,1,0,13,6,844,752,32,7,487,659,7,18,768,0,0,2
462,518,7,0,1,1,4,1,764,756,38,1,602,465,7,9,343,1,0,8
463,785,11,0,1,0,11,3,712,479,32,2,143,317,10,4,572,1,0,8
464,191,21,1,1,0,3,6,135,249,16,6,405,378,7,6,545,2,0,5
465,287,23,0,1,0,9,3,203,481,18,4,251,399,5,11,446,1,0,1
466,224,23,0,1,0,0,0,472,182,22,0,0,538,7,15,611,2,0,8
468,357,0,0,0,0,3,6,485,418,4,6,270,807,5,15,367,4,3,7
469,428,17,1,0,0,11,3,44,692,33,2,202,16,1,1,153,4,5,7
470,445,20,1,0,0,21,6,50,6,22,2,266,393,11,10,145,1,0,5
471,343,27,1,1,1,2,1,411,140,22,11,408,814,5,11,313,2,0,7
472,545,22,1,0,0,20,6,354,271,4,5,200,487,11,19,0,0,3,1
473,274,9,1,0,1,14,5,625,813,5,18,584,183,12,0,469,3,4,4
474,341,24,1,0,0,12,1,352,667,16,3,235,506,6,4,303,4,2,2
475,753,20,0,1,0,15,1,21,599,31,8,546,95,11,13,77,0,0,8
476,329,21,0,1,1,10,3,2,400,27,16,392,686,2,19,555,1,0,1
477,234,22,0,1,1,7,3,374,160,37,9,243,348,10,19,719,1,0,6
479,439,16,0,1,1,0,0,176,664,25,0,0,805,8,1,775,0,0,0
480,811,1,1,0,0,0,0,820,721,22,0,0,565,2,15,743,0,2,2
481,530,13,0,1,1,17,6,688,577,39,12,481,542,4,20,659,1,0,8
482,91,27,0,0,1,2,1,391,668,15,11,458,705,12,2,328,2,0,6
483,288,14,0,0,0,0,0,790,508,0,0,0,225,12,15,708,1,2,8
484,324,27,1,1,0,9,3,92,21,36,4,279,617,0,12,706,0,0,7
485,732,15,0,1,1,14,5,655,445,36,18,582,703,6,4,28,0,0,3
486,460,24,1,0,1,14,5,822,626,11,18,379,701,9,17,164,2,3,7
487,181,1,1,1,1,23,4,63,26,37,21,472,358,8,12,880,0,0,7
488,85,18,1,1,0,21,6,794,557,11,2,229,790,9,7,614,2,0,7
490,486,2,0,0,0,12,1,758,457,0,3,279,804,5,13,103,1,2,8
491,823,4,0,1,0,15,1,753,695,38,8,431,579,3,16,748,1,0,3
492,211,14,1,0,0,15,1,156,845,29,8,510,532,8,12,537,4,0,7
493,487,0,1,0,0,12,1,245,703,21,3,251,521,5,1,139,1,3,5
494,718,30,0,1,0,9,3,610,465,39,4,248,61,4,15,204,1,0,8
495,397,11,0,0,1,14,5,726,477,22,18,135,597,11,2,291,4,4,8
496,512,10,0,0,0,21,6,206,302,13,2,325,164,2,1,686,2,2,2
497,827,9,0,1,0,0,0,787,765,37,0,0,344,7,17,190,1,0,2
498,645,0,0,1,1,19,3,515,704,8,19,262,422,0,7,773,1,0,7
499,402,30,0,0,1,7,3,328,196,1,9,288,605,4,6,278,0,5,6
501,127,3,1,1,1,1,1,80,34,38,20,533,7,7,15,1,0,0,4
502,233,22,1,0,1,17,6,570,251,22,12,258,613,8,9,331,2,0,1
503,239,11,0,1,1,17,6,61,107,9,12,390,694,4,3,670,1,0,3
504,483,17,1,1,0,20,6,83,168,13,5,317,191,9,13,19,0,0,6
505,300,0,0,1,1,1,1,307,631,17,20,37,395,7,19,808,2,0,0
506,294,28,0,1,0,20,6,273,770,21,5,221,604,3,9,329,1,0,2
507,134,13,1,1,0,0,0,779,495,0,0,0,400,9,5,862,0,0,2
508,378,22,0,1,0,21,6,73,509,26,2,202,190,11,18,301,0,0,8
509,484,30,1,1,1,0,0,556,809,8,0,0,232,3,2,495,1,0,1
510,463,11,1,0,0,13,6,743,474,11,7,389,457,2,15,515,0,5,1
512,574,24,1,1,0,3,6,646,296,11,6,174,449,7,10,96,2,0,3
513,662,6,1,1,0,9,3,514,499,4,4,269,263,8,11,871,2,0,0
514,125,3,0,1,0,9,3,178,820,27,4,192,124,1,10,812,1,0,6
515,55,27,1,1,0,11,3,227,89,38,2,203,63,2,14,655,0,0,2
516,153,30,0,1,0,6,3,316,809,20,2,283,800,3,0,384,0,0,2
517,25,18,0,0,0,0,0,75,33,38,0,0,802,7,4,625,3,0,3
518,398,23,0,0,1,8,3,816,576,11,14,557,794,6,9,411,0,5,5
519,217,23,1,1,0,21,6,293,354,10,2,216,721,8,18,240,2,0,7
520,220,1,0,1,0,21,6,465,167,11,2,340,558,5,7,20,0,0,2
521,354,13,0,1,0,13,6,240,195,5,7,440,38,7,6,413,1,0,8
523,733,25,1,1,0,15,1,204,76,37,8,552,791,7,3,298,1,0,3
524,687,23,1,0,0,13,6,869,726,11,7,485,56,6,9,766,4,3,1
525,818,26,0,0,0,12,1,745,676,38,3,238,508,5,6,699,4,5,8
526,489,2,1,0,0,3,6,212,264,12,6,357,833,11,18,149,0,2,3
527,275,7,0,1,0,21,6,295,147,40,2,137,793,8,14,448,1,0,2
528,723,12,1,1,0,11,3,759,475,0,2,282,69,9,6,134,1,0,5
529,399,26,1,1,0,6,3,330,505,13,2,389,371,2,1,832,0,0,4
530,520,8,0,0,1,19,3,301,90,22,19,13,642,6,12,288,4,5,1
531,262,20,1,1,0,11,3,182,383,18,2,281,786,11,9,51,2,0,5
532,104,13,0,0,0,6,3,703,804,2,2,377,610,1,16,755,3,1,8
534,666,18,0,1,0,6,3,866,828,32,2,362,218,0,15,160,2,0,2
535,695,16,1,1,1,18,4,98,59,1,17,4,646,12,12,587,1,0,3
536,212,13,0,0,1,10,3,851,614,0,16,85,369,12,1,346,4,2,6
537,148,7,1,0,0,9,3,351,189,1,4,268,489,2,3,598,3,2,5
538,531,9,0,1,0,11,3,226,724,23,2,167,417,4,0,844,2,0,5
539,838,29,0,1,1,18,4,381,754,16,17,560,0,5,16,147,1,0,1
540,166,7,0,1,0,20,6,250,729,21,5,224,646,9,20,223,0,0,7
541,452,6,0,0,0,9,3,67,132,12,4,245,144,6,5,166,2,4,0
542,437,3,1,1,0,9,3,173,122,4,4,199,114,5,0,80,0,0,2
543,1,11,0,1,0,12,1,520,259,36,3,109,434,12,6,546,2,0,6
545,143,14,0,0,1,14,5,491,284,40,18,327,103,4,5,530,1,1,5
546,232,25,1,1,1,14,5,55,738,34,18,24,733,12,16,124,0,0,6
547,707,1,0,1,1,17,6,813,598,11,12,100,394,4,16,26,0,0,8
548,521,15,0,1,0,13,6,487,562,7,7,504,54,7,13,710,0,0,2
549,305,3,0,0,0,3,6,184,417,19,6,414,481,3,8,682,3,3,1
550,337,23,0,1,1,17,6,20,680,35,12,41,688,11,9,218,0,0,5
551,275,15,0,1,0,11,3,532,491,3,2,148,300,9,9,350,1,0,7
552,430,27,1,0,0,20,6,192,840,27,5,305,597,6,19,121,2,5,0
553,510,18,0,1,0,6,3,829,679,22,2,304,519,3,14,619,1,0,2
554,149,23,0,1,0,11,3,350,374,8,2,188,588,4,8,359,1,0,7
557,721,24,1,1,1,0,0,551,822,8,0,0,154,10,10,457,2,0,2
558,112,13,0,0,1,10,3,505,293,39,16,330,33,1,14,691,4,3,4
559,646,28,0,1,1,19,3,567,365,38,19,553,780,0,13,270,0,0,6
560,356,7,0,1,1,22,3,320,308,6,10,133,770,0,11,104,2,0,2
561,395,3,1,0,1,1,1,109,654,28,20,26,484,9,13,417,3,0,4
562,554,16,0,1,0,13,6,266,177,3,7,500,282,3,8,735,0,0,8
563,124,15,0,0,1,22,3,194,202,8,10,185,116,7,12,544,2,1,8
564,351,2,0,1,0,15,1,784,559,11,8,416,783,12,2,293,2,0,5
565,82,14,0,1,1,22,3,489,361,2,10,604,738,6,20,62,0,0,8
566,651,15,0,0,0,11,3,563,537,3,2,159,87,8,6,15,4,4,8
568,826,27,1,0,0,20,6,222,484,17,5,402,276,8,0,324,3,2,1
569,658,2,0,1,0,9,3,728,665,39,4,200,556,2,7,217,2,0,2
570,683,2,0,0,0,6,3,372,158,37,2,344,550,12,18,370,0,5,7
571,219,17,0,0,1,1,1,150,32,32,20,607,178,3,19,586,1,4,0
572,857,30,1,1,1,8,3,308,144,39,14,9,18,4,5,535,0,0,6
573,770,10,0,1,0,6,3,799,759,36,2,350,347,12,5,624,0,0,0
574,633,2,0,0,0,0,0,48,132,13,0,0,264,3,0,654,1,2,1
575,587,7,1,0,1,17,6,806,592,11,12,429,647,12,0,79,3,5,6
576,509,6,0,1,0,0,0,531,586,5,0,0,271,4,16,687,2,0,0
577,165,5,1,0,1,24,6,739,554,32,15,571,72,7,0,459,4,3,8
579,709,3,0,1,0,3,6,310,444,12,6,414,23,12,11,538,2,0,8
580,852,10,1,1,0,3,6,654,304,0,6,341,170,0,8,514,1,0,0
581,372,25,1,1,1,22,3,528,556,4,10,467,839,8,5,836,1,0,2
582,161,14,0,0,0,6,3,281,668,19,2,301,488,12,3,704,1,3,4
583,79,4,1,1,0,3,6,52,183,16,6,386,611,3,19,656,2,0,3
584,204,26,1,0,1,4,1,134,225,15,1,43,849,1,8,394,4,2,0
585,705,21,0,1,0,21,6,24,9,36,2,217,412,8,19,183,1,0,6
586,73,9,0,1,0,9,3,543,255,32,4,227,199,10,2,612,1,0,8
587,568,10,0,0,0,11,3,493,176,11,2,163,361,11,14,831,3,2,8
588,609,21,0,0,1,23,4,835,655,11,21,77,739,5,9,56,3,0,3
590,392,2,1,1,0,3,6,627,326,22,6,335,162,8,18,763,0,0,7
591,110,25,0,1,1,17,6,179,527,21,12,162,623,5,15,674,2,0,0
592,837,15,1,1,1,10,3,522,647,7,16,169,418,9,20,341,1,0,7
593,434,13,1,0,0,3,6,821,575,0,6,403,229,12,18,809,0,0,3
594,71,13,1,1,1,22,3,504,583,7,10,502,530,12,16,467,0,0,2
595,492,25,0,1,0,11,3,661,781,3,2,266,651,7,2,85,1,0,7
596,816,9,0,0,1,17,6,8,4,36,12,376,34,8,7,230,0,5,5
597,544,14,0,1,1,18,4,751,818,40,17,50,238,0,11,349,0,0,5
598,377,10,1,1,0,3,6,755,455,11,6,240,612,9,12,858,2,0,7
599,866,15,0,0,0,21,6,382,604,13,2,129,204,4,6,834,0,1,5
601,291,17,0,1,0,21,6,636,796,5,2,367,606,10,11,769,2,0,8
602,358,0,0,1,0,21,6,76,5,0,2,127,844,0,0,486,2,0,0
603,779,12,1,0,1,18,4,101,279,19,17,55,160,0,9,25,4,0,2
604,192,30,0,1,0,3,6,852,833,32,6,211,235,0,11,13,2,0,3
605,533,5,1,1,0,0,0,313,380,9,0,0,200,1,18,789,0,0,2
606,686,11,0,1,0,6,3,77,45,40,2,411,106,12,0,61,0,0,2
607,184,29,0,1,0,12,1,704,744,1,3,269,306,2,4,533,1,0,5
608,12,11,1,1,0,13,6,734,581,37,7,496,405,12,12,839,0,0,6
609,842,7,0,0,0,9,3,756,733,38,4,167,541,3,19,365,2,2,1
610,523,16,1,1,1,19,3,321,320,7,19,34,777,6,11,772,2,0,2
612,622,0,0,1,0,12,1,727,737,40,3,208,756,2,2,716,1,0,6
613,368,23,0,1,0,0,0,315,337,8,0,0,351,6,18,490,2,0,0
614,84,5,0,1,0,6,3,106,215,16,2,345,321,9,14,505,0,0,2
615,400,6,0,1,0,12,1,174,171,8,3,146,172,2,1,580,0,0,7
616,171,23,0,1,0,11,3,312,809,20,2,124,562,12,6,807,0,0,0
617,407,2,1,1,0,20,6,776,788,38,5,289,714,11,7,492,0,0,6
618,843,28,0,1,1,24,6,416,248,1,15,444,584,10,17,306,1,0,1
619,861,16,0,0,1,24,6,422,130,11,15,54,267,10,5,785,1,1,1
620,411,1,1,1,0,6,3,682,625,40,2,368,48,8,4,2,1,0,8
621,708,3,0,1,0,12,1,125,27,32,3,241,806,2,11,157,2,0,3
623,418,13,0,1,1,2,1,52,734,33,11,197,187,5,13,566,2,0,8
624,6,27,0,0,0,9,3,617,830,6,4,261,43,4,19,754,4,4,0
625,756,3,1,0,0,21,6,138,571,26,2,213,596,0,16,629,4,0,2
626,650,4,1,0,1,22,3,665,319,11,10,522,490,0,5,661,0,3,6
627,869,21,0,1,0,0,0,367,150,37,0,0,101,8,9,76,2,0,0
628,433,29,1,0,0,11,3,209,192,7,2,115,13,0,4,523,0,0,7
629,715,18,0,1,0,13,6,408,699,14,7,517,278,8,0,405,2,0,4
630,502,3,1,0,0,6,3,653,385,32,2,190,297,3,15,34,2,0,7
631,703,26,0,1,0,15,1,801,746,36,8,504,398,4,9,801,2,0,4
632,77,19,1,1,1,22,3,606,466,39,10,209,643,6,12,387,1,0,1
634,65,4,1,1,0,12,1,486,420,4,3,159,287,4,1,337,1,0,7
635,216,25,1,1,0,3,6,189,713,25,6,186,666,4,18,4,0,0,0
636,870,23,0,1,0,0,0,62,68,4,0,0,403,12,6,3,1,0,8
637,549,29,1,0,0,12,1,841,835,36,3,214,817,8,10,496,1,4,5
638,858,14,0,1,0,12,1,708,558,37,3,96,240,12,13,136,2,0,8
639,694,23,0,0,0,11,3,238,142,2,2,182,174,8,7,877,0,3,4
640,552,0,0,1,1,4,1,797,607,11,1,122,516,8,11,272,2,0,5
641,628,18,0,1,1,23,4,102,700,30,21,17,708,11,7,685,2,0,7
642,106,13,0,1,0,12,1,124,669,29,3,94,479,0,8,433,0,0,8
643,326,16,1,1,0,12,1,555,290,36,3,161,825,4,1,869,2,0,4
645,458,26,1,0,0,0,0,356,298,5,0,0,787,2,2,859,4,4,2
646,35,13,1,1,0,21,6,219,843,26,2,350,21,8,3,610,1,0,6
647,661,1,0,1,0,15,1,663,451,36,8,459,273,11,10,828,1,0,0
648,744,20,0,0,1,18,4,594,620,4,17,569,426,10,4,680,4,5,3
649,63,15,0,1,1,19,3,809,657,22,19,498,431,12,8,7,0,0,8
650,599,11,0,0,0,3,6,349,336,7,6,400,545,10,1,442,3,5,4
651,775,4,0,1,0,20,6,258,209,5,5,212,192,7,2,263,2,0,0
652,279,15,1,1,0,0,0,544,340,38,0,0,128,3,11,18,1,0,7
653,778,10,0,1,0,20,6,108,25,32,5,224,129,12,8,32,2,0,5
654,189,12,0,1,0,6,3,583,309,32,2,328,445,8,4,745,2,0,1
656,223,25,0,1,0,13,6,479,146,0,7,380,687,0,4,646,1,0,2
657,613,0,0,1,0,12,1,578,228,0,3,234,459,12,0,29,1,0,6
658,698,29,0,1,0,13,6,185,46,32,7,455,460,0,6,639,2,0,2
659,680,29,1,0,1,17,6,571,399,39,12,140,789,10,19,465,3,3,3
660,312,17,1,0,1,24,6,167,323,17,15,538,679,3,9,734,2,4,4
661,516,3,0,1,0,13,6,407,238,40,7,443,514,0,1,864,0,0,7
662,98,19,0,1,1,17,6,14,585,33,12,601,113,10,1,589,1,0,1
663,22,20,0,0,0,21,6,290,407,12,2,95,512,0,12,69,1,4,1
664,209,5,1,1,1,18,4,785,757,37,17,298,468,2,9,380,1,0,2
665,596,0,0,1,0,0,0,452,426,5,0,0,678,12,20,33,1,0,0
668,787,0,0,1,0,6,3,559,766,7,2,434,423,0,10,310,2,0,5
669,576,25,0,1,0,13,6,508,490,4,7,541,553,1,12,395,0,0,8
670,482,3,1,1,1,14,5,741,780,39,18,561,608,3,18,193,2,0,5
671,386,15,0,1,1,4,1,390,732,15,1,57,517,9,16,613,1,0,6
672,164,6,0,1,0,21,6,291,100,36,2,123,77,5,9,297,1,0,7
673,638,13,0,1,0,3,6,67,2,11,6,410,543,11,10,201,0,0,8
674,286,28,1,1,0,9,3,343,778,18,4,181,323,3,3,360,0,0,6
675,359,6,1,1,0,3,6,56,80,6,6,419,410,8,11,35,1,0,4
676,850,26,0,0,0,6,3,675,502,37,2,273,626,0,14,143,3,2,3
677,846,3,1,1,0,20,6,597,503,1,5,411,325,12,9,339,0,0,6
679,711,16,0,1,0,9,3,276,211,4,4,225,290,7,13,606,0,0,0
680,490,22,0,1,0,11,3,318,246,5,2,279,26,1,9,451,2,0,7
681,611,17,0,0,1,17,6,271,141,1,12,107,324,4,6,161,3,4,7
682,750,16,0,1,0,6,3,622,357,36,2,422,633,8,13,878,1,0,2
683,26,1,0,1,0,15,1,123,456,25,8,543,262,4,5,879,0,0,6
684,304,25,0,1,0,12,1,529,391,40,3,188,231,2,19,557,0,0,1
685,142,12,0,0,1,22,3,868,687,11,10,348,469,7,12,106,4,2,3
686,170,4,0,0,0,0,0,581,507,1,0,0,569,11,12,645,4,4,4
687,385,3,1,1,0,21,6,263,346,12,2,291,744,6,15,258,1,0,7
688,81,13,0,1,0,20,6,614,643,3,5,310,242,9,2,504,2,0,0
690,328,7,1,1,0,0,0,398,96,0,0,0,327,10,11,111,0,0,5
691,836,18,1,1,0,6,3,495,522,5,2,311,33,4,15,506,1,0,1
692,403,3,1,1,0,12,1,447,403,4,3,234,196,2,5,132,1,0,4
693,195,1,0,0,0,6,3,516,256,36,2,443,138,8,18,386,1,5,5
694,66,25,1,1,0,9,3,815,806,37,4,178,427,12,18,823,1,0,8
695,383,27,1,1,1,23,4,251,578,19,21,46,125,5,15,257,0,0,0
696,442,11,1,1,1,18,4,467,148,0,17,7,319,6,4,125,0,0,0
697,860,3,0,1,0,12,1,46,79,7,3,96,147,5,1,175,0,0,4
698,815,0,0,0,1,16,1,228,602,20,13,385,375,4,13,529,1,0,8
699,528,4,0,1,1,19,3,394,159,37,19,29,546,10,10,251,1,0,3
701,817,28,0,0,0,13,6,595,448,39,7,313,447,7,20,135,4,5,1
702,270,2,1,1,1,5,2,419,388,5,10,116,523,0,1,338,0,0,7
703,389,26,1,1,1,24,6,746,481,11,15,563,346,8,19,854,0,0,6
704,672,4,0,1,0,20,6,744,619,37,5,248,444,0,0,751,1,0,3
705,581,26,0,1,0,15,1,862,774,22,8,402,24,12,17,543,1,0,4
706,524,17,0,0,0,21,6,269,66,0,2,369,376,8,10,415,3,3,8
707,499,10,0,1,0,0,0,701,387,11,0,0,110,11,18,382,0,0,1
708,319,25,0,1,0,9,3,628,786,4,4,226,228,4,5,233,0,0,3
709,251,9,0,1,1,16,1,195,119,3,13,519,754,6,17,501,1,0,0
710,550,15,0,0,0,11,3,441,307,2,2,151,146,0,20,874,2,0,4
712,296,24,0,1,0,3,6,672,693,2,6,190,315,11,14,779,0,0,4
713,336,13,1,0,0,6,3,172,434,19,2,388,499,10,8,224,0,1,6
714,173,29,0,1,0,9,3,604,539,1,4,193,432,12,17,246,1,0,0
715,790,4,0,1,0,12,1,851,637,0,3,219,720,9,1,744,2,0,6
716,496,23,0,1,0,21,6,624,498,40,2,346,695,0,18,195,1,0,2
717,745,1,1,1,1,14,5,239,470,16,18,597,166,4,4,636,2,0,4
718,764,10,0,0,0,3,6,284,730,19,6,206,105,8,20,267,1,4,2
719,792,17,1,0,1,23,4,79,13,22,21,67,280,3,8,638,4,5,1
720,314,13,1,0,1,18,4,7,41,3,17,465,824,3,19,100,4,1,0
721,224,21,0,1,0,20,6,147,772,28,5,196,719,0,9,600,1,0,3
723,197,14,1,1,0,15,1,817,827,37,8,412,724,11,11,271,1,0,7
724,129,4,0,0,1,4,1,856,824,32,1,81,3,4,13,835,4,2,2
725,413,30,1,1,1,19,3,483,315,40,19,27,70,5,14,154,2,0,7
726,774,25,0,1,0,21,6,224,50,11,2,332,96,6,7,55,2,0,6
727,330,26,0,0,0,9,3,706,352,0,4,184,830,8,9,777,3,4,8
728,240,8,0,1,0,6,3,846,747,22,2,193,391,10,2,212,0,0,8
729,508,23,0,1,1,0,0,496,443,3,0,0,628,4,16,585,1,0,4
730,563,20,0,0,1,5,2,164,63,38,10,119,30,2,0,692,4,2,7
731,332,14,0,1,1,19,3,162,690,26,19,35,223,6,18,72,1,0,3
732,416,29,1,1,1,19,3,718,831,2,19,484,167,11,5,512,2,0,1
734,20,19,0,1,1,16,1,109,153,12,13,596,439,12,9,739,1,0,6
735,177,16,1,0,0,15,1,687,538,38,8,507,79,4,11,262,4,0,6
736,227,13,0,1,1,22,3,523,462,3,10,172,599,9,14,623,0,0,6
737,62,20,0,0,0,12,1,808,592,11,3,157,840,4,10,579,2,5,8
738,859,25,0,1,0,15,1,53,105,10,8,549,781,2,15,633,2,0,8
739,796,26,0,1,1,23,4,780,688,36,21,564,609,4,8,592,1,0,6
740,807,0,1,1,0,21,6,25,77,8,2,129,510,6,20,447,0,0,3
741,464,29,1,1,1,5,2,417,299,3,10,83,93,5,5,71,1,0,4
742,597,25,1,1,1,17,6,414,555,10,12,343,5,8,10,427,2,0,1
743,403,10,1,1,1,17,6,773,627,36,12,76,458,7,20,553,1,0,6
745,105,26,0,1,0,3,6,143,358,19,6,222,303,4,15,347,0,0,4
746,310,17,0,1,1,22,3,546,551,4,10,275,537,8,19,287,0,0,7
747,789,12,1,1,0,13,6,267,102,38,7,493,181,2,4,98,0,0,4
748,653,16,1,1,0,11,3,26,464,28,2,132,367,9,10,450,1,0,1
749,867,30,0,0,0,12,1,401,118,11,3,268,339,0,3,683,3,2,5
750,101,22,1,0,1,5,2,149,552,25,10,593,4,0,7,519,4,4,7
751,255,30,1,1,1,4,1,95,155,13,1,56,6,7,3,759,0,0,1
752,132,4,0,0,0,13,6,432,231,39,7,283,374,4,16,479,2,0,2
753,49,8,0,1,0,13,6,526,386,1,7,441,97,12,20,594,0,0,1
754,302,2,1,1,1,16,1,341,431,10,13,91,737,4,12,9,0,0,3
756,426,7,0,1,0,9,3,803,795,37,4,264,735,2,7,356,1,0,7
757,250,30,1,0,0,6,3,729,521,32,2,187,334,5,12,701,1,4,7
758,257,5,1,1,1,0,0,589,452,39,0,0,561,0,0,548,1,0,4
759,784,14,0,1,0,12,1,169,595,24,3,129,676,6,3,247,2,0,2
760,673,1,0,0,0,11,3,213,342,15,2,143,407,3,16,260,1,4,3
761,795,26,0,1,0,20,6,561,543,3,5,277,576,8,10,651,1,0,2
762,384,30,0,0,0,9,3,478,295,40,4,282,773,5,11,107,1,4,0
763,776,22,0,0,1,22,3,865,782,22,10,382,193,0,6,58,1,3,6
764,834,30,1,0,1,10,3,22,84,9,16,382,617,11,3,635,2,3,6
765,747,7,0,1,0,3,6,396,656,14,6,241,673,11,5,99,0,0,8
767,689,24,0,1,0,11,3,379,842,18,2,78,834,10,11,771,1,0,6
768,128,2,1,1,0,13,6,433,301,2,7,510,841,6,4,497,0,0,1
769,109,8,0,0,0,13,6,39,216,19,7,454,409,2,7,793,2,5,6
770,748,29,1,1,0,0,0,666,322,11,0,0,120,4,17,208,1,0,2
771,472,22,0,1,0,11,3,774,692,37,2,207,509,8,1,866,1,0,7
772,644,3,0,0,0,21,6,805,686,32,2,232,277,7,19,355,1,5,2
773,578,22,1,0,0,20,6,545,377,39,5,204,575,5,6,870,4,2,6
774,3,10,0,1,0,6,3,699,422,22,2,191,557,1,16,660,0,0,0
775,586,29,1,1,0,6,3,4,108,13,2,436,505,2,3,225,1,0,2
776,275,25,0,1,0,0,0,725,519,32,0,0,251,8,16,21,0,0,7
779,228,16,0,1,1,8,3,839,609,0,14,420,603,1,4,588,1,0,8
780,126,30,1,1,1,14,5,743,458,11,18,427,45,2,6,565,1,0,3
781,16,25,0,1,1,19,3,638,334,22,19,457,715,11,17,420,0,0,6
782,451,3,0,1,0,9,3,175,113,3,4,240,41,0,7,561,2,0,1
783,738,24,0,1,0,6,3,850,753,22,2,302,607,7,3,53,2,0,5
784,631,11,0,1,1,19,3,694,705,1,19,22,335,3,1,436,0,0,0
785,589,18,0,1,1,23,4,217,81,39,21,70,443,6,4,601,1,0,4
786,424,5,0,1,0,11,3,246,338,12,2,98,759,11,17,37,2,0,5
787,168,14,0,0,0,21,6,434,674,13,2,293,689,3,3,295,2,3,1
788,146,1,1,1,1,24,6,154,23,0,15,437,718,9,14,498,0,0,1
790,311,5,1,1,1,5,2,221,260,9,10,581,839,11,13,664,1,0,1
791,32,25,0,0,1,5,2,111,191,14,10,39,619,4,3,335,4,5,6
792,375,3,0,0,1,18,4,257,129,1,17,141,473,5,20,435,2,1,1
793,150,0,0,1,0,9,3,445,601,9,4,236,413,10,4,481,1,0,7
794,783,25,0,1,0,13,6,653,453,36,7,440,803,1,5,456,0,0,6
795,44,30,1,1,0,12,1,448,188,36,3,88,614,10,18,797,0,0,3
796,374,5,0,1,1,0,0,697,596,38,0,0,835,3,16,284,2,0,2
797,19,10,0,0,0,15,1,132,15,0,8,548,727,0,20,845,4,0,8
798,249,13,0,0,1,22,3,384,109,11,10,254,548,9,6,662,0,2,1
799,342,18,0,1,0,13,6,10,20,39,7,319,35,10,13,747,1,0,7
801,13,3,0,0,1,14,5,733,719,39,18,558,779,2,17,440,2,4,7
802,832,10,0,0,0,6,3,798,776,36,2,332,624,7,12,74,4,5,5
803,117,3,0,0,0,20,6,272,94,37,5,380,657,2,20,644,2,3,6
804,529,19,0,1,0,13,6,298,239,4,7,539,233,8,7,112,2,0,2
805,92,22,0,0,0,9,3,487,603,8,4,193,493,10,8,593,1,4,2
806,592,26,0,1,0,6,3,509,362,40,2,203,197,6,18,369,2,0,0
807,594,5,0,0,0,3,6,626,283,11,6,264,158,0,5,770,0,2,1
808,598,7,0,1,0,15,1,867,814,32,8,461,682,7,0,860,2,0,7
809,871,5,0,1,0,9,3,683,411,22,4,265,725,9,9,431,0,0,8
810,855,12,1,1,1,18,4,337,166,39,17,526,195,3,3,102,0,0,2
812,514,11,0,1,0,0,0,355,273,4,0,0,778,3,8,314,0,0,2
813,333,6,0,0,0,0,0,530,204,11,0,0,560,12,0,738,2,0,3
814,808,22,1,1,0,3,6,373,582,13,6,186,808,7,5,567,0,0,6
815,619,0,0,0,1,2,1,568,350,38,11,278,296,5,15,872,3,1,7
816,425,1,0,0,0,0,0,661,691,2,0,0,301,2,14,199,4,2,5
817,362,8,0,1,0,20,6,591,345,37,5,316,669,3,15,781,2,0,2
818,500,20,1,1,1,5,2,190,58,32,10,568,108,0,17,729,1,0,6
819,327,8,0,1,1,7,3,804,755,36,9,82,618,1,16,762,1,0,4
820,200,24,0,1,0,21,6,198,43,11,2,261,153,0,7,391,1,0,0
821,18,22,0,1,0,11,3,716,563,37,2,203,270,3,12,400,2,0,7
823,848,2,0,1,1,7,3,807,777,36,9,356,615,2,13,126,0,0,8
824,725,21,0,1,1,4,1,501,165,0,1,72,740,8,18,595,0,0,4
825,33,20,0,1,0,13,6,259,210,5,7,503,749,4,1,408,1,0,3
826,371,25,0,0,1,5,2,690,444,32,10,19,27,7,12,778,0,1,2
827,202,21,1,0,0,11,3,274,86,36,2,106,286,3,12,603,1,0,8
828,699,3,1,1,0,11,3,13,38,3,2,215,2,10,16,332,0,0,7
829,569,24,0,1,0,11,3,695,698,1,2,104,123,7,9,867,1,0,6
830,469,9,0,0,1,22,3,128,288,18,10,89,522,7,15,873,4,4,4
831,660,27,1,1,1,5,2,717,530,36,10,89,191,12,15,798,0,0,8
832,419,4,0,0,0,20,6,566,218,11,5,387,408,3,17,800,0,2,6
834,762,21,0,1,0,21,6,582,681,5,2,192,60,12,14,434,2,0,0
835,534,16,0,1,0,11,3,359,186,40,2,156,169,9,7,804,1,0,2
836,281,18,0,1,0,15,1,283,261,6,8,491,236,11,16,752,0,0,6
837,0,13,0,1,0,6,3,412,145,32,2,428,71,8,13,709,0,0,6
838,282,19,0,1,0,3,6,158,373,18,6,383,662,7,7,882,2,0,6
839,675,0,0,0,0,21,6,539,327,38,2,115,50,10,9,14,4,1,8
840,210,27,0,1,0,11,3,139,768,29,2,266,591,5,17,750,1,0,8
841,743,25,1,1,1,18,4,424,815,15,17,249,809,3,9,398,2,0,5
842,791,17,0,1,1,19,3,268,560,17,19,44,498,10,14,554,1,0,3
843,313,27,0,1,0,21,6,695,605,39,2,242,252,9,5,474,2,0,4
845,553,14,1,0,1,22,3,188,646,24,10,68,257,1,15,570,2,0,7
846,428,17,1,0,1,18,4,11,106,13,17,598,205,12,9,816,2,1,1
847,571,13,0,0,1,24,6,678,597,39,15,329,731,0,14,60,1,5,0
848,367,11,0,0,0,15,1,858,711,11,8,446,765,8,7,696,4,1,2
849,306,4,0,1,1,0,0,165,234,13,0,0,75,7,1,668,2,0,8
850,618,27,1,1,0,3,6,576,775,6,6,212,762,6,3,290,0,0,0
851,829,25,0,1,1,2,1,541,208,11,11,210,283,5,2,316,0,0,3
852,277,13,1,1,0,11,3,235,633,21,2,139,826,8,1,667,0,0,3
853,387,21,0,0,0,12,1,562,423,40,3,134,299,5,20,325,3,4,0
854,356,30,0,1,1,1,1,103,648,29,20,1,766,11,1,795,2,0,6
856,420,9,0,1,0,0,0,244,161,3,0,0,775,8,16,681,0,0,5
857,210,21,0,1,0,20,6,322,785,18,5,344,73,10,1,820,1,0,4
858,615,1,1,0,0,12,1,438,468,7,3,277,10,8,3,423,1,3,0
859,67,10,0,1,0,12,1,575,294,32,3,261,289,6,1,23,0,0,3
860,151,2,0,1,0,11,3,87,313,20,2,269,293,7,14,838,1,0,6
861,185,19,0,1,1,19,3,177,471,20,19,8,788,12,0,551,2,0,8
862,421,17,0,1,0,15,1,85,761,31,8,559,135,11,10,372,2,0,7
863,141,16,1,0,0,21,6,105,24,36,2,154,40,3,14,65,2,2,7
864,617,25,1,1,0,12,1,651,428,36,3,167,527,11,14,791,2,0,3
865,788,18,1,0,0,0,0,127,65,40,0,0,14,5,13,717,2,4,5
867,23,7,1,1,0,13,6,400,700,14,7,358,345,5,19,363,1,0,2
868,480,25,0,1,0,13,6,362,136,36,7,284,313,11,8,277,1,0,6
869,186,29,0,1,0,9,3,280,268,7,4,223,429,1,17,235,1,0,5
870,409,14,0,0,0,3,6,623,318,32,6,335,650,11,5,402,2,4,0
871,50,11,0,0,0,13,6,71,715,31,7,287,173,11,12,169,2,3,1
872,798,3,0,1,1,1,1,536,442,1,20,600,404,1,14,12,0,0,7
873,626,30,0,1,0,11,3,754,483,11,2,120,142,3,17,374,2,0,4
874,802,23,0,0,0,11,3,620,722,4,2,159,453,2,16,889,4,1,3
875,292,24,0,0,0,11,3,193,545,21,2,143,589,1,13,238,3,0,4
876,414,14,1,1,1,4,1,282,88,32,1,49,674,1,11,358,0,0,5
878,457,8,0,1,1,10,3,449,278,40,16,384,244,9,16,677,2,0,5
879,154,2,1,1,0,6,3,480,671,10,2,308,92,2,1,70,1,0,1
880,194,16,0,1,0,3,6,542,817,9,6,433,419,7,13,146,1,0,3
881,477,18,0,1,1,8,3,849,841,36,14,153,411,8,9,788,2,0,3
882,560,28,0,1,0,3,6,120,741,30,6,351,139,7,2,690,2,0,4
883,156,13,0,1,1,19,3,58,57,2,19,40,295,9,13,364,0,0,0
